City_ID,City,Country,Lat,Lng,Max Temp,Humidity,Cloudiness,Wind Speed,Current Description
0,Yining,CN,29.04,114.56,74.46,82,0,1.19,clear sky
1,Rikitea,PF,-23.12,-134.97,69.4,84,94,13.62,light rain
2,Marsa Matruh,EG,31.35,27.25,82.4,74,0,9.17,clear sky
3,Bluff,NZ,-46.6,168.33,45.0,72,99,11.01,overcast clouds
4,Tasiilaq,GL,65.61,-37.64,41.0,75,100,14.99,light intensity shower rain
5,Port Alfred,ZA,-33.59,26.89,58.53,52,2,11.79,clear sky
6,Ribeira Grande,PT,38.52,-28.7,78.8,65,20,6.93,few clouds
7,Kutum,SD,14.2,24.67,81.88,47,51,5.73,broken clouds
8,Mataura,NZ,-46.19,168.86,45.0,72,100,11.01,overcast clouds
9,Guerrero Negro,MX,27.98,-114.06,75.15,62,0,6.89,clear sky
10,Albany,US,42.6,-73.97,70.0,62,51,3.27,broken clouds
11,Mar Del Plata,AR,-38.0,-57.56,48.2,61,75,12.75,broken clouds
12,Ushuaia,AR,-54.8,-68.3,35.6,80,75,17.22,broken clouds
13,Okhotsk,RU,59.38,143.3,52.9,86,85,8.66,overcast clouds
14,Disna,BY,55.57,28.2,60.75,92,93,8.99,overcast clouds
15,San Patricio,MX,19.22,-104.7,82.4,74,75,4.45,broken clouds
16,Maun,BW,-19.98,23.42,80.6,18,0,6.93,clear sky
17,Vaini,TO,-21.2,-175.2,75.2,94,75,9.17,broken clouds
18,Castro,BR,-24.79,-50.01,74.1,60,12,8.05,few clouds
19,Grand Gaube,MU,-20.01,57.66,73.0,74,7,8.01,light rain
20,Tiksi,RU,71.69,128.87,41.7,89,0,9.01,clear sky
21,Lasa,IT,46.62,10.7,53.6,66,75,8.05,broken clouds
22,Busselton,AU,-33.65,115.33,53.01,98,100,19.3,light rain
23,Bilma,NE,18.69,12.92,99.81,23,0,5.59,clear sky
24,Leningradskiy,RU,69.38,178.42,35.6,95,100,8.5,light rain
25,Hamilton,US,39.18,-84.53,72.0,83,90,3.36,overcast clouds
26,Manicore,BR,-5.81,-61.3,86.0,66,9,4.7,clear sky
27,Ilulissat,GL,69.22,-51.1,41.0,65,20,3.36,few clouds
28,Upernavik,GL,72.79,-56.15,38.71,80,83,4.85,broken clouds
29,Saint-Augustin,CA,51.23,-58.65,49.1,87,100,7.94,overcast clouds
30,Noumea,NC,-22.28,166.46,60.8,63,36,4.7,scattered clouds
31,Plettenberg Bay,ZA,-34.05,23.37,55.02,60,25,1.1,scattered clouds
32,Kaitangata,NZ,-46.28,169.85,42.01,88,100,8.01,overcast clouds
33,Mount Gambier,AU,-37.83,140.77,35.6,100,70,4.85,broken clouds
34,Teluknaga,ID,-6.1,106.64,82.99,74,20,5.82,few clouds
35,Royan,FR,45.63,-1.03,75.0,40,27,4.7,scattered clouds
36,Nicoya,CR,10.15,-85.45,84.2,70,0,5.82,clear sky
37,Vardo,NO,70.37,31.11,50.0,76,40,3.36,scattered clouds
38,Ouallam,NE,14.32,2.09,92.95,36,16,7.31,few clouds
39,Piacabucu,BR,-10.41,-36.43,80.19,69,5,13.27,clear sky
40,Monte Santo,BR,-10.44,-39.33,87.08,36,17,14.05,few clouds
41,Saint-Joseph,RE,-21.37,55.62,71.6,73,31,4.7,light rain
42,Chuy,UY,-33.7,-53.46,53.76,65,100,9.01,overcast clouds
43,Mahibadhoo,MV,3.78,72.97,83.93,68,37,6.76,scattered clouds
44,Somerset East,ZA,-32.72,25.59,54.91,33,27,5.12,scattered clouds
45,Aldan,RU,58.6,125.39,48.27,89,100,3.87,overcast clouds
46,Caravelas,BR,-17.71,-39.25,81.95,59,35,8.61,scattered clouds
47,Hami,CN,42.8,93.45,75.69,19,0,1.83,clear sky
48,Tiznit,MA,29.58,-9.5,90.72,34,41,4.63,light rain
49,Praia Da Vitoria,PT,38.73,-27.07,78.8,74,40,12.84,scattered clouds
50,Saint-Francois,FR,46.42,3.91,69.01,52,19,12.75,few clouds
51,Igarka,RU,67.47,86.58,47.71,90,0,8.41,clear sky
52,Puerto Ayora,EC,-0.74,-90.35,68.0,82,75,17.22,broken clouds
53,Clinton,US,42.59,-82.92,75.99,73,40,11.41,scattered clouds
54,Lavrentiya,RU,65.58,-171.0,43.09,74,95,15.88,overcast clouds
55,Mahebourg,MU,-20.41,57.7,71.6,88,40,11.41,shower rain
56,Mangrol,IN,21.12,70.12,80.64,85,7,10.98,clear sky
57,Nouadhibou,MR,20.93,-17.03,80.6,65,4,17.22,clear sky
58,Clyde River,CA,70.47,-68.59,55.4,43,40,11.41,scattered clouds
59,Bardiyah,LY,31.76,25.09,80.87,64,0,19.08,clear sky
60,Kavieng,PG,-2.57,150.8,82.69,78,36,10.2,moderate rain
61,Hithadhoo,MV,-0.6,73.08,82.45,74,88,11.81,overcast clouds
62,Norman Wells,CA,65.28,-126.83,44.6,93,75,5.82,broken clouds
63,Lebu,CL,-37.62,-73.65,50.13,60,0,5.28,clear sky
64,Rong Kwang,TH,18.34,100.32,76.73,85,100,1.45,overcast clouds
65,Vytegra,RU,61.01,36.45,56.41,85,100,7.02,light rain
66,Haines Junction,CA,60.75,-137.51,46.71,80,84,5.39,broken clouds
67,Karasburg,NA,-28.02,18.75,60.67,23,0,7.67,clear sky
68,Barrow,US,71.29,-156.79,39.2,86,90,23.04,overcast clouds
69,Nipawin,CA,53.37,-104.0,50.0,71,90,16.11,overcast clouds
70,New Norfolk,AU,-42.78,147.06,39.0,78,50,1.01,scattered clouds
71,Yichun,CN,47.7,128.9,62.46,98,68,3.2,broken clouds
72,Poum,NC,-20.23,164.02,70.07,71,50,14.65,scattered clouds
73,Qaanaaq,GL,77.48,-69.36,34.0,80,0,3.62,clear sky
74,Terrasini,IT,38.15,13.08,78.8,78,75,19.46,broken clouds
75,Cabedelo,BR,-6.98,-34.83,84.2,54,40,17.22,scattered clouds
76,Tumaco,CO,1.8,-78.82,78.98,78,82,8.03,broken clouds
77,Vila Franca Do Campo,PT,37.72,-25.43,80.6,69,20,13.87,few clouds
78,Roald,NO,62.58,6.13,57.99,58,24,11.41,few clouds
79,La Ronge,CA,55.1,-105.28,46.4,93,90,20.8,light intensity drizzle
80,Lukang,TW,24.06,120.44,82.0,88,40,11.41,scattered clouds
81,Atuona,PF,-9.8,-139.03,78.48,79,19,26.87,light rain
82,Port Elizabeth,ZA,-33.92,25.57,60.8,44,28,8.05,scattered clouds
83,Awbari,LY,26.59,12.78,104.18,10,0,16.53,clear sky
84,Shingu,JP,33.73,135.98,77.11,83,0,2.91,clear sky
85,Hobart,AU,-42.88,147.33,39.2,80,12,8.05,light snow
86,Punta Arenas,CL,-53.15,-70.92,42.8,70,40,23.04,scattered clouds
87,Kahului,US,20.89,-156.47,77.0,73,1,6.93,clear sky
88,Krasnoye,UA,49.91,24.61,78.8,39,97,8.95,overcast clouds
89,Boa Vista,BR,2.82,-60.67,86.0,62,75,2.24,broken clouds
90,Yellowknife,CA,62.46,-114.35,44.6,70,40,10.29,scattered clouds
91,Bilibino,RU,68.05,166.44,38.98,79,96,6.64,overcast clouds
92,Victoria,HK,22.29,114.16,86.0,80,11,5.12,few clouds
93,Vitoria De Santo Antao,BR,-8.12,-35.29,84.2,58,40,17.22,scattered clouds
94,Saint-Philippe,RE,-21.36,55.77,71.6,73,39,4.7,light rain
95,Butaritari,KI,3.07,172.79,82.98,76,1,10.38,light rain
96,Nikolskoye,RU,59.7,30.79,62.6,72,20,4.47,light rain
97,Tiko,CM,4.07,9.37,80.6,83,75,5.82,thunderstorm
98,Oum Hadjer,TD,13.3,19.7,81.39,68,100,8.37,overcast clouds
99,Chokurdakh,RU,70.63,147.92,39.63,90,100,8.34,overcast clouds
100,Talnakh,RU,69.49,88.4,46.4,93,90,4.47,mist
101,Alofi,NU,-19.06,-169.92,77.0,78,75,11.41,broken clouds
102,Puerto Baquerizo Moreno,EC,-0.9,-89.6,68.0,77,90,13.87,overcast clouds
103,Soyo,AO,-6.13,12.37,75.2,69,20,9.17,few clouds
104,Iqaluit,CA,63.75,-68.51,53.6,66,20,14.99,few clouds
105,Basco,PH,20.45,121.97,84.38,78,100,20.69,overcast clouds
106,Gat,IL,31.61,34.76,89.01,32,0,1.99,clear sky
107,Koutsouras,GR,35.03,25.95,84.49,53,0,6.87,clear sky
108,Barra Do Bugres,BR,-15.07,-57.18,109.8,11,0,1.43,clear sky
109,Bichura,RU,50.59,107.6,50.58,82,88,4.43,overcast clouds
110,Udachnyy,RU,66.42,112.4,46.4,75,90,4.47,smoke
111,Chipata,ZM,-13.63,32.65,77.52,24,0,8.12,clear sky
112,Tecoanapa,MX,16.52,-98.75,85.39,67,3,1.45,clear sky
113,Hilo,US,19.73,-155.09,71.6,83,1,4.7,clear sky
114,Karonga,MW,-9.93,33.93,74.25,67,0,3.56,clear sky
115,Cape Town,ZA,-33.93,18.42,54.0,87,75,8.05,light rain
116,Bethel,US,41.37,-73.41,71.01,52,1,1.92,clear sky
117,Dikson,RU,73.51,80.55,43.7,98,99,9.42,overcast clouds
118,San Cristobal,VE,7.77,-72.22,80.6,78,40,6.93,moderate rain
119,Cherskiy,RU,68.75,161.3,35.4,93,100,2.26,overcast clouds
120,Ancud,CL,-41.87,-73.82,50.0,91,7,7.0,clear sky
121,Saldanha,ZA,-33.01,17.94,55.24,79,46,3.65,light rain
122,Saskylakh,RU,71.92,114.08,49.32,72,89,7.9,overcast clouds
123,Katsuura,JP,35.13,140.3,75.2,94,75,14.99,broken clouds
124,Arraial Do Cabo,BR,-22.97,-42.03,78.8,78,49,18.34,scattered clouds
125,Bindura,ZW,-17.3,31.33,75.51,34,23,10.47,few clouds
126,Ulaanbaatar,MN,47.91,106.88,48.2,87,40,2.24,scattered clouds
127,Namibe,AO,-15.2,12.15,68.0,72,40,13.87,scattered clouds
128,Namatanai,PG,-3.67,152.43,80.01,85,44,6.13,light rain
129,Tuktoyaktuk,CA,69.45,-133.04,44.6,93,90,13.87,overcast clouds
130,Lorengau,PG,-2.02,147.27,82.04,77,14,6.15,light rain
131,Jumla,NP,29.27,82.18,62.65,73,67,0.87,broken clouds
132,Bellevue,US,47.61,-122.2,57.0,93,90,3.36,haze
133,Bengkulu,ID,-3.8,102.27,77.88,89,91,8.5,overcast clouds
134,Porto Santo,PT,33.07,-16.34,75.2,60,40,18.34,scattered clouds
135,Coolum Beach,AU,-26.53,153.1,55.99,92,0,1.01,clear sky
136,Sangar,RU,63.92,127.47,47.07,90,93,4.12,overcast clouds
137,Maceio,BR,-9.67,-35.74,78.8,78,75,11.41,shower rain
138,Izumo,JP,35.37,132.77,80.6,83,75,11.41,broken clouds
139,East London,ZA,-33.02,27.91,62.6,42,0,12.75,clear sky
140,Ust-Kuyga,RU,70.02,135.6,39.54,79,0,1.92,clear sky
141,Berlevag,NO,70.86,29.09,51.8,53,99,10.29,overcast clouds
142,Lagunas,PE,-5.23,-75.68,88.77,54,90,2.84,overcast clouds
143,Kapaa,US,22.08,-159.32,75.99,78,90,13.87,overcast clouds
144,Ayagoz,KZ,47.97,80.44,66.06,34,0,12.84,clear sky
145,Vrangel,RU,42.73,133.08,59.05,82,8,13.27,clear sky
146,Petropavlovsk-Kamchatskiy,RU,53.05,158.65,41.0,100,2,6.71,clear sky
147,Firovo,RU,57.48,33.7,60.44,98,100,1.68,heavy intensity rain
148,Bredasdorp,ZA,-34.53,20.04,55.4,82,50,5.82,light rain
149,Orange,US,33.7,-117.77,68.0,72,90,3.36,overcast clouds
150,Thompson,CA,55.74,-97.86,46.4,93,75,13.87,broken clouds
151,Mogadishu,SO,2.04,45.34,78.26,83,54,17.22,broken clouds
152,Obo,CF,5.4,26.49,74.64,92,79,1.88,light rain
153,Zonguldak,TR,41.25,31.83,72.46,69,0,3.06,clear sky
154,Flinders,AU,-34.58,150.86,54.0,71,81,1.01,broken clouds
155,Saint Stephen,GB,50.33,-4.9,64.4,59,40,4.7,scattered clouds
156,Katherine,AU,-14.47,132.27,82.4,39,75,9.17,broken clouds
157,Hermanus,ZA,-34.42,19.23,55.99,74,20,3.0,light rain
158,Carnarvon,AU,-24.87,113.63,68.0,77,90,12.75,overcast clouds
159,Lafayette,US,30.23,-92.07,89.01,74,75,12.75,broken clouds
160,Auka,HN,14.93,-83.83,89.6,70,3,6.93,clear sky
161,Quatre Cocos,MU,-20.21,57.76,73.0,88,40,11.41,shower rain
162,Tual,ID,-5.67,132.75,78.93,87,58,18.07,broken clouds
163,Kashi,CN,39.45,75.98,75.2,29,100,6.71,overcast clouds
164,Deniliquin,AU,-35.53,144.97,39.0,85,0,3.98,clear sky
165,Kampene,CD,-3.6,26.67,74.79,87,58,1.3,light rain
166,Georgetown,MY,5.41,100.34,82.4,88,20,3.36,few clouds
167,Broken Hill,AU,-31.95,141.43,46.4,58,0,5.82,clear sky
168,Verkh-Usugli,RU,52.7,115.17,47.68,95,96,2.39,overcast clouds
169,San Juan Ixcoy,GT,15.6,-91.45,68.77,34,0,7.58,clear sky
170,Paracatu,BR,-17.22,-46.87,91.04,26,5,9.48,clear sky
171,Salym,RU,60.06,71.48,56.43,91,15,6.33,few clouds
172,Mchinji,MW,-13.8,32.88,76.41,25,0,7.18,clear sky
173,Yangcun,CN,39.36,117.06,77.0,57,64,4.47,light rain
174,Marzuq,YE,14.4,46.47,85.05,39,77,1.88,broken clouds
175,Waipawa,NZ,-41.41,175.52,55.4,71,100,26.4,overcast clouds
176,Avarua,CK,-21.21,-159.78,71.6,64,88,5.82,overcast clouds
177,Lompoc,US,34.64,-120.46,57.2,93,90,2.04,mist
178,Chauk,MM,20.88,94.82,80.64,86,100,1.86,overcast clouds
179,Klaksvik,FO,62.23,-6.59,53.6,81,87,17.22,overcast clouds
180,Richards Bay,ZA,-28.78,32.04,61.03,68,75,2.98,broken clouds
181,Kawalu,ID,-7.38,108.21,71.4,88,97,0.65,overcast clouds
182,Filingue,NE,14.35,3.32,92.12,39,34,7.05,scattered clouds
183,Aracati,BR,-4.56,-37.77,92.3,35,0,15.26,clear sky
184,Khatanga,RU,71.97,102.5,42.01,87,0,11.99,clear sky
185,Ust-Nera,RU,64.57,143.2,44.44,78,100,1.74,overcast clouds
186,Praxedis Guerrero,MX,31.37,-106.02,82.4,42,90,9.17,overcast clouds
187,Ponta Do Sol,PT,32.67,-17.1,75.2,57,20,18.34,few clouds
188,Sujiatun,CN,41.66,123.34,71.6,100,90,6.71,moderate rain
189,Novyy Urgal,RU,51.07,132.56,52.81,97,100,2.24,light rain
190,Tautira,PF,-17.73,-149.15,71.6,83,20,2.24,few clouds
191,Port Lincoln,AU,-34.73,135.87,50.25,78,45,15.43,scattered clouds
192,Severo-Kurilsk,RU,50.68,156.12,48.02,84,10,9.8,clear sky
193,Sao Joao Da Barra,BR,-21.64,-41.05,80.6,65,20,13.87,few clouds
194,Sao Filipe,CV,14.9,-24.5,77.25,78,73,9.73,broken clouds
195,Berbera,SO,10.44,45.01,95.09,42,0,7.78,clear sky
196,Makakilo City,US,21.35,-158.09,78.8,73,40,5.82,scattered clouds
197,Luangwa,ZM,-15.62,30.42,87.1,27,0,7.85,clear sky
198,Braesti,RO,47.15,27.1,95.0,21,0,4.7,clear sky
199,Phulabani,IN,20.47,84.23,76.75,90,97,2.06,overcast clouds
200,Kuching,MY,1.55,110.33,78.8,94,20,4.7,few clouds
201,Gravdal,NO,68.12,13.5,51.8,71,75,18.34,shower rain
202,Nerchinskiy Zavod,RU,51.31,119.61,51.24,94,89,1.99,overcast clouds
203,Kushmurun,KZ,52.45,64.63,74.93,41,1,3.06,clear sky
204,College,US,64.86,-147.8,52.0,81,75,3.36,broken clouds
205,Jamestown,US,42.1,-79.24,71.01,72,20,6.93,few clouds
206,Marfino,RU,55.7,37.38,82.4,47,84,8.95,broken clouds
207,Torbay,CA,47.67,-52.73,64.99,82,75,26.4,broken clouds
208,Kindu,CD,-2.95,25.95,77.63,84,33,1.07,light rain
209,Amapa,BR,1.0,-52.0,93.83,39,0,6.49,clear sky
210,Yar-Sale,RU,66.83,70.83,46.98,76,100,15.35,overcast clouds
211,Sembakung,ID,3.82,117.25,74.82,92,75,1.81,broken clouds
212,Santa Maria,BR,-29.68,-53.81,55.4,66,20,13.87,few clouds
213,Los Llanos De Aridane,ES,28.66,-17.92,77.0,61,20,16.11,few clouds
214,Mumbwa,ZM,-14.98,27.06,82.02,18,6,5.73,clear sky
215,Paragould,US,36.06,-90.5,81.0,94,75,6.93,broken clouds
216,Monrovia,LR,6.3,-10.8,84.2,70,75,12.75,broken clouds
217,Aksarka,RU,66.56,67.8,48.9,77,100,15.19,overcast clouds
218,Kerema,PG,-7.96,145.78,77.76,90,100,12.86,light rain
219,Abilene,US,32.45,-99.73,86.0,66,1,16.11,clear sky
220,Meulaboh,ID,4.14,96.13,76.75,90,100,3.8,moderate rain
221,Faya,SA,18.39,42.45,77.0,69,40,5.82,scattered clouds
222,Stokmarknes,NO,68.56,14.91,51.8,81,75,11.41,shower rain
223,Hobyo,SO,5.35,48.53,78.55,78,2,28.07,clear sky
224,Mackay,AU,-21.15,149.2,55.4,93,2,3.36,clear sky
225,Sungaipenuh,ID,-2.08,101.38,65.57,92,87,1.7,overcast clouds
226,Turukhansk,RU,65.82,87.98,49.21,90,35,5.46,scattered clouds
227,Porto Nacional,BR,-10.71,-48.42,96.8,25,5,12.75,clear sky
228,Zalantun,CN,48.0,122.72,57.25,82,99,3.04,overcast clouds
229,Isangel,VU,-19.55,169.27,66.9,74,26,8.66,scattered clouds
230,Querendaro,MX,19.87,-100.92,64.4,88,75,2.95,broken clouds
231,Nivala,FI,63.92,24.97,57.67,73,59,6.06,broken clouds
232,Camrose,CA,53.02,-112.84,50.0,93,40,3.36,scattered clouds
233,Corinth,GR,37.94,22.96,93.99,25,0,1.99,clear sky
234,Dunedin,NZ,-45.87,170.5,39.0,86,100,4.0,overcast clouds
235,Pemangkat,ID,1.17,108.97,78.71,85,100,3.83,overcast clouds
236,Chunskiy,RU,56.08,99.63,51.04,95,52,3.11,broken clouds
237,Bathsheba,BB,13.22,-59.52,84.2,79,75,18.34,broken clouds
238,Taseyevo,RU,57.22,94.9,53.04,94,78,3.42,broken clouds
239,Hammond,US,41.58,-87.5,73.99,56,1,9.17,clear sky
240,Belmonte,BR,-15.86,-38.88,80.6,61,20,10.29,few clouds
241,Lakselv,NO,70.05,24.97,55.4,55,76,14.99,broken clouds
242,Faanui,PF,-16.48,-151.75,77.5,76,4,24.4,clear sky
243,Kikwit,CD,-5.04,18.82,88.83,46,83,1.88,broken clouds
244,Karratha,AU,-20.74,116.85,75.29,40,84,8.9,broken clouds
245,Laguna,US,38.42,-121.42,64.99,77,1,1.97,smoke
246,Tarancon,ES,40.01,-3.01,77.0,23,100,5.79,overcast clouds
247,Batagay-Alyta,RU,67.8,130.41,43.93,78,97,3.24,overcast clouds
248,Fairbanks,US,64.84,-147.72,52.0,81,75,3.36,broken clouds
249,Nemuro,JP,43.32,145.57,54.37,88,43,13.42,scattered clouds
250,Iquitos,PE,-3.75,-73.25,86.0,70,75,5.82,broken clouds
251,Forbes,AU,-33.38,148.02,41.0,83,0,2.98,clear sky
252,Ville-Marie,CA,47.33,-79.43,59.0,77,1,12.75,clear sky
253,Muros,ES,42.78,-9.06,66.0,75,57,3.0,broken clouds
254,Balkanabat,TM,39.51,54.37,77.7,38,42,9.89,scattered clouds
255,Deputatskiy,RU,69.3,139.9,33.8,91,35,4.36,scattered clouds
256,Comodoro Rivadavia,AR,-45.87,-67.5,41.0,86,75,1.12,broken clouds
257,Sayat,TM,38.78,63.88,84.2,23,12,4.7,few clouds
258,Tarata,BO,-17.62,-66.02,71.6,28,75,4.7,broken clouds
259,Samokov,BG,42.33,23.55,93.0,33,0,1.01,clear sky
260,Yulara,AU,-25.24,130.99,66.2,32,0,12.75,clear sky
261,Tuatapere,NZ,-46.13,167.68,45.0,72,100,11.01,light rain
262,Mbandaka,CD,0.05,18.26,79.47,78,80,3.76,broken clouds
263,Airai,TL,-8.93,125.41,59.9,100,79,4.29,broken clouds
264,Cabo San Lucas,MX,22.89,-109.91,82.99,83,40,10.29,scattered clouds
265,Talcahuano,CL,-36.72,-73.12,51.8,62,0,8.05,clear sky
266,Pachino,IT,36.72,15.09,91.99,50,0,7.0,clear sky
267,Arlit,NE,18.74,7.39,101.28,23,0,2.26,clear sky
268,Yen Bai,VN,21.7,104.87,80.11,77,14,2.77,few clouds
269,Sola,VU,-13.88,167.55,79.75,84,85,21.45,overcast clouds
270,Heihe,CN,50.24,127.49,60.8,93,31,6.71,scattered clouds
271,Oron,NG,4.83,8.23,78.24,86,96,9.55,moderate rain
272,Ostrovnoy,RU,68.05,39.51,48.58,86,9,6.26,clear sky
273,Syracuse,IT,37.09,15.28,100.4,70,0,16.11,clear sky
274,Terekli-Mekteb,RU,44.17,45.87,80.29,38,0,13.89,clear sky
275,Longyearbyen,SJ,78.22,15.64,42.8,88,75,17.22,broken clouds
276,Naze,JP,28.37,129.48,86.0,84,75,21.92,light rain
277,Khandbari,NP,27.37,87.2,75.07,76,100,0.43,overcast clouds
278,Cartama,ES,36.71,-4.63,79.0,65,20,11.41,few clouds
279,Port Hardy,CA,50.7,-127.42,53.6,100,75,2.26,mist
280,Catamarca,AR,-28.47,-65.79,55.0,67,91,1.99,overcast clouds
281,Inhambane,MZ,-23.86,35.38,68.0,94,75,13.87,broken clouds
282,Shimoda,JP,34.67,138.95,70.0,95,67,1.01,broken clouds
283,Merauke,ID,-8.47,140.33,78.33,80,61,16.91,broken clouds
284,Saint George,US,37.1,-113.58,80.01,27,1,4.7,clear sky
285,Prudentopolis,BR,-25.21,-50.98,79.72,47,47,3.11,scattered clouds
286,Tokat,TR,40.42,36.58,67.08,51,0,6.11,clear sky
287,Onega,RU,63.91,38.14,52.92,71,62,5.86,broken clouds
288,Salalah,OM,17.02,54.09,78.8,94,90,3.36,overcast clouds
289,Krasnoborsk,RU,61.56,45.93,51.84,85,100,4.14,light rain
290,Vulpeni,RO,44.47,23.92,96.01,26,0,1.12,clear sky
291,Aklavik,CA,68.22,-135.01,44.6,87,75,6.93,shower rain
292,Pacific Grove,US,36.62,-121.92,60.8,77,90,4.05,haze
293,Bandarbeyla,SO,9.49,50.81,77.49,80,0,30.74,clear sky
294,Santa Fe,AR,-31.63,-60.7,57.99,32,100,1.99,overcast clouds
295,Necochea,AR,-38.55,-58.74,46.99,62,41,8.01,scattered clouds
296,Torez,UA,48.04,38.6,78.01,30,0,6.04,clear sky
297,Shellbrook,CA,53.22,-106.4,48.2,70,90,14.99,overcast clouds
298,Nanortalik,GL,60.14,-45.24,44.94,84,100,10.76,overcast clouds
299,Sao Felix Do Xingu,BR,-6.64,-51.99,101.48,17,32,5.26,scattered clouds
300,Tura,IN,25.52,90.22,76.51,90,100,2.51,overcast clouds
301,Taitung,TW,22.76,121.14,81.5,75,100,3.85,overcast clouds
302,Touros,BR,-5.2,-35.46,84.2,54,40,17.22,scattered clouds
303,Shache,CN,38.42,77.24,79.2,18,100,11.5,overcast clouds
304,Qasigiannguit,GL,68.82,-51.19,41.0,65,20,3.36,few clouds
305,Fortuna,US,40.6,-124.16,55.0,100,1,6.93,clear sky
306,Somerset West,ZA,-34.08,18.82,53.01,87,75,8.05,light rain
307,Half Moon Bay,US,37.46,-122.43,63.0,93,90,5.82,mist
308,Beloha,MG,-25.17,45.05,69.64,83,0,9.06,clear sky
309,Mala Tokmachka,UA,47.54,35.89,91.4,19,0,4.47,clear sky
310,Te Anau,NZ,-45.42,167.72,36.72,92,100,4.23,overcast clouds
311,Fayaoue,NC,-20.65,166.53,69.17,65,63,14.25,broken clouds
312,Temir,KZ,49.14,57.13,80.46,22,0,4.05,clear sky
313,Pouebo,NC,-20.4,164.57,65.41,78,48,9.98,scattered clouds
314,Kapustin Yar,RU,48.58,45.74,78.35,24,0,7.72,clear sky
315,Eureka,US,40.8,-124.16,55.99,87,1,10.78,clear sky
316,Chiredzi,ZW,-21.05,31.67,63.72,76,97,8.81,overcast clouds
317,Orta Nova,IT,41.33,15.71,87.8,61,49,12.75,scattered clouds
318,Atasu,KZ,48.68,71.64,71.8,31,11,13.13,few clouds
319,Fort Nelson,CA,58.81,-122.7,42.8,93,75,3.36,broken clouds
320,Palu,ID,-0.89,119.87,76.55,82,100,2.24,overcast clouds
321,Amahai,ID,-3.33,128.92,82.99,92,86,2.39,overcast clouds
322,Towada,JP,40.61,141.21,64.4,93,90,14.99,mist
323,Collie,AU,-33.37,116.15,53.01,98,97,10.58,light rain
324,Port Hedland,AU,-20.32,118.57,68.0,45,99,4.7,overcast clouds
325,Bhatkal,IN,13.97,74.57,79.59,83,28,4.21,scattered clouds
326,Tevriz,RU,57.51,72.4,62.01,93,100,6.44,light rain
327,Brownsville,US,25.9,-97.5,91.4,66,90,19.46,overcast clouds
328,Buala,SB,-8.14,159.59,81.16,81,36,8.57,light rain
329,Henties Bay,NA,-22.12,14.28,62.01,72,0,14.76,clear sky
330,Kathu,TH,7.92,98.33,86.0,88,40,1.12,scattered clouds
331,Koulikoro,ML,14.0,-7.75,77.9,83,100,7.76,light rain
332,Exu,BR,-7.51,-39.72,89.6,38,40,11.41,scattered clouds
333,Asosa,ET,10.07,34.53,64.13,100,89,2.01,light rain
334,Poso,ID,-1.4,120.75,77.32,78,100,5.53,moderate rain
335,Sakakah,SA,29.97,40.21,104.0,6,0,10.29,clear sky
336,Blagoyevo,RU,63.37,47.92,51.42,85,99,3.65,overcast clouds
337,Nohar,IN,29.18,74.77,89.76,55,55,13.89,broken clouds
338,Puerto Quijarro,BO,-17.78,-57.77,100.94,19,0,4.85,clear sky
339,Bubaque,GW,11.28,-15.83,80.38,82,99,19.71,overcast clouds
340,Nhulunbuy,AU,-12.23,136.77,75.2,83,0,6.93,clear sky
341,Sijunjung,ID,-0.69,100.95,73.27,89,44,1.97,scattered clouds
342,Kitimat,CA,54.05,-128.65,51.8,100,90,11.41,light rain
343,Nizhniy Kuranakh,RU,58.84,125.49,50.86,89,90,2.48,overcast clouds
344,Maniitsoq,GL,65.42,-52.9,47.46,75,2,11.34,clear sky
345,Lower Hutt,NZ,-41.22,174.92,55.4,71,96,26.4,overcast clouds
346,Barcelos,PT,41.54,-8.62,79.0,38,47,5.82,scattered clouds
347,Oyama,JP,36.3,139.8,80.01,83,75,11.41,broken clouds
348,Huilong,CN,31.81,121.66,82.99,94,0,1.99,clear sky
349,Pangnirtung,CA,66.15,-65.71,51.8,76,40,16.11,scattered clouds
350,Bambous Virieux,MU,-20.34,57.76,73.0,88,40,11.41,shower rain
351,Sorland,NO,67.67,12.69,51.8,71,75,18.34,shower rain
352,Makarov,RU,48.63,142.8,54.91,84,100,11.95,overcast clouds
353,Valparaiso,CL,-33.04,-71.63,55.4,76,75,4.7,broken clouds
354,San Policarpo,PH,12.18,125.51,80.31,84,100,6.69,overcast clouds
355,Morondava,MG,-20.28,44.28,75.76,75,0,14.79,clear sky
356,Eyl,SO,7.98,49.82,79.47,72,7,26.64,clear sky
357,Banda Aceh,ID,5.56,95.32,78.91,84,98,17.13,overcast clouds
358,Mitsamiouli,KM,-11.38,43.28,82.4,69,40,16.11,scattered clouds
359,Vallenar,CL,-28.57,-70.76,62.67,41,21,8.79,few clouds
360,Vaitape,PF,-16.52,-151.75,78.31,75,4,24.32,clear sky
361,Hualmay,PE,-11.1,-77.61,64.94,69,67,11.54,broken clouds
362,Kieta,PG,-6.22,155.63,79.86,78,14,4.54,moderate rain
363,Palana,RU,59.12,159.97,39.99,93,0,12.37,clear sky
364,Dunda,TZ,-8.12,34.25,78.57,28,0,10.69,clear sky
365,Marion,US,39.77,-86.16,73.99,73,75,4.7,broken clouds
366,Ilmajoki,FI,62.73,22.57,63.0,67,75,5.82,broken clouds
367,Praia,CV,14.92,-23.51,84.2,62,75,13.87,broken clouds
368,Imeni Poliny Osipenko,RU,52.42,136.49,51.49,97,100,8.52,moderate rain
369,Port-Gentil,GA,-0.72,8.78,82.4,69,75,16.06,broken clouds
370,Biak,ID,-0.91,122.88,76.82,83,83,5.48,broken clouds
371,Qaqortoq,GL,60.72,-46.03,50.0,71,20,4.7,few clouds
372,Umm Kaddadah,SD,13.6,26.69,89.94,37,57,4.92,broken clouds
373,Coquimbo,CL,-29.95,-71.34,53.6,76,90,4.7,overcast clouds
374,Padang,ID,-0.95,100.35,78.94,77,87,2.53,overcast clouds
375,Vostok,RU,46.49,135.88,46.0,97,1,4.94,clear sky
376,Teahupoo,PF,-17.83,-149.27,71.6,83,20,2.24,few clouds
377,Dingle,PH,11.0,122.67,75.78,81,99,3.71,overcast clouds
378,Lethem,GY,3.38,-59.8,85.23,64,83,5.64,broken clouds
379,Saint-Pierre,RE,-21.34,55.48,71.6,73,27,4.7,scattered clouds
380,Juneau,US,58.3,-134.42,53.6,93,90,19.46,fog
381,Ballina,AU,-28.87,153.57,64.4,82,40,8.05,light rain
382,Egvekinot,RU,66.32,-179.17,34.75,87,64,10.02,broken clouds
383,Rio De Jesus,PA,7.98,-81.16,84.6,68,28,2.39,scattered clouds
384,Luderitz,NA,-26.65,15.16,59.81,43,0,30.36,clear sky
385,Kodiak,US,57.79,-152.41,52.65,82,21,12.19,few clouds
386,Yeppoon,AU,-23.13,150.73,55.4,93,0,0.51,clear sky
387,Rio Cuarto,AR,-33.13,-64.35,53.6,32,75,19.46,broken clouds
388,Narsaq,GL,60.92,-46.05,50.0,71,20,4.7,few clouds
389,Hervey Bay,AU,-25.3,152.85,57.0,87,0,5.44,clear sky
390,Agdas,AZ,40.65,47.48,86.0,42,0,10.29,clear sky
391,Amposta,ES,40.71,0.58,75.99,40,9,8.99,clear sky
392,Fredericton,CA,45.95,-66.67,63.0,51,20,12.75,few clouds
393,Goderich,CA,43.75,-81.72,72.0,71,4,12.93,clear sky
394,Krasnoselkup,RU,65.7,82.47,53.04,77,100,14.58,overcast clouds
395,Rio Gallegos,AR,-51.62,-69.22,44.6,64,20,20.8,few clouds
396,Mangochi,MW,-14.48,35.26,81.59,30,0,3.6,clear sky
397,Flin Flon,CA,54.77,-101.86,50.0,87,90,10.29,light rain
398,Iberia,US,29.95,-91.75,87.8,79,90,10.29,overcast clouds
399,Klyuchi,RU,52.27,79.17,66.96,53,0,3.98,clear sky
400,Dubti,ET,11.74,41.09,99.82,27,56,2.89,broken clouds
401,Xinmin,CN,41.99,122.83,71.6,100,90,6.71,overcast clouds
402,Santa Rosa,PH,14.31,121.11,80.6,88,93,5.82,overcast clouds
403,Abhaynagar,BD,23.01,89.4,84.94,76,90,3.13,heavy intensity rain
404,Kruisfontein,ZA,-34.0,24.73,59.0,50,0,3.0,clear sky
405,Luanda,AO,-8.84,13.23,73.4,69,75,5.82,broken clouds
406,Borogontsy,RU,62.67,131.17,44.89,96,1,1.68,clear sky
407,Humberto De Campos,BR,-2.6,-43.46,95.88,31,0,6.8,clear sky
408,Chandpur,IN,29.15,78.27,80.98,77,1,3.94,clear sky
409,Tezu,IN,27.92,96.17,77.63,83,99,2.71,overcast clouds
410,Santiago De Cao,PE,-7.96,-79.24,63.7,77,67,15.21,broken clouds
411,Talas,TR,38.69,35.55,91.4,10,0,12.75,clear sky
412,Pilar,BR,-9.6,-35.96,78.8,78,75,11.41,shower rain
413,Esik,KZ,43.36,77.45,75.2,44,75,6.71,broken clouds
414,Leh,IN,34.17,77.58,68.58,24,30,5.5,scattered clouds
415,Saint Anthony,US,45.02,-93.22,63.0,77,20,8.05,few clouds
416,Tank,PK,32.22,70.38,81.7,66,100,10.78,moderate rain
417,Esna,EG,25.29,32.55,107.6,18,0,3.36,clear sky
418,Helong,CN,42.54,129.0,58.93,90,27,3.8,scattered clouds
419,Geraldton,AU,-28.77,114.6,64.4,82,40,11.41,scattered clouds
420,Pevek,RU,69.7,170.31,35.1,88,67,7.87,broken clouds
421,Svetlyy,RU,54.67,20.13,64.4,77,75,8.95,broken clouds
422,Shurugwi,ZW,-19.67,30.01,62.73,70,93,11.61,overcast clouds
423,Chickasha,US,35.05,-97.94,87.8,55,1,13.87,clear sky
424,Skjervoy,NO,70.03,20.97,53.6,50,40,13.87,scattered clouds
425,Bagdarin,RU,54.43,113.6,51.24,90,100,3.71,moderate rain
426,Olafsvik,IS,64.89,-23.71,53.4,80,94,10.0,overcast clouds
427,Williams Lake,CA,52.14,-122.14,48.2,93,75,2.73,broken clouds
428,Hasilpur,PK,29.71,72.56,87.93,63,71,9.4,moderate rain
429,Tanete,ID,-3.94,119.78,76.91,85,100,8.12,light rain
430,Tobias Barreto,BR,-11.18,-38.0,84.18,52,12,16.4,few clouds
431,Lansing,US,42.73,-84.56,71.6,56,1,8.05,clear sky
432,Benguela,AO,-12.58,13.41,82.4,78,20,6.93,few clouds
433,Itanagar,IN,27.1,93.62,76.87,89,100,2.3,overcast clouds
434,Araouane,ML,18.9,-3.53,98.98,30,5,5.93,clear sky
435,Malindi,KE,-3.22,40.12,77.34,75,0,16.8,clear sky
436,Zhigansk,RU,66.77,123.37,45.68,87,10,4.76,clear sky
437,Nancha,CN,47.13,129.27,64.65,92,59,1.52,broken clouds
438,Souillac,MU,-20.52,57.52,71.6,88,40,11.41,shower rain
439,San Enrique,PH,10.42,122.85,79.83,80,94,4.61,overcast clouds
440,General Pico,AR,-35.66,-63.76,60.93,32,74,10.85,broken clouds
441,Baglan,AF,36.13,68.71,70.41,23,0,0.51,clear sky
442,Itirapina,BR,-22.25,-47.82,86.0,35,0,5.82,clear sky
443,Aksu,CN,41.12,80.26,78.82,24,61,4.76,broken clouds
444,Dakar,SN,14.69,-17.44,87.8,70,20,6.93,few clouds
445,Talhar,PK,24.88,68.82,78.64,88,100,14.83,overcast clouds
446,Husavik,IS,66.04,-17.34,57.2,82,75,19.46,moderate rain
447,Houma,US,29.6,-90.72,89.6,70,75,11.41,broken clouds
448,Maanshan,CN,31.7,118.5,84.0,100,74,2.24,light rain
449,La Libertad,EC,-2.23,-80.9,71.6,83,90,11.41,overcast clouds
450,Cooma,AU,-36.23,149.13,23.0,92,0,0.96,clear sky
451,Lingao,CN,19.91,109.69,81.97,79,0,4.14,light rain
452,Chhibramau,IN,27.15,79.5,84.99,69,53,5.06,broken clouds
453,Cidreira,BR,-30.18,-50.21,58.15,60,99,8.79,overcast clouds
454,Portland,US,45.52,-122.68,61.0,72,75,1.32,broken clouds
455,Ponazyrevo,RU,58.36,46.31,61.25,97,96,4.23,light rain
456,Mount Vernon,US,40.91,-73.84,73.99,60,75,6.93,broken clouds
457,Srednekolymsk,RU,67.45,153.68,38.05,90,54,9.35,broken clouds
458,San Felipe,VE,10.34,-68.74,85.28,57,100,3.8,overcast clouds
459,Oussouye,SN,12.48,-16.55,86.0,84,40,6.93,scattered clouds
460,Cabinda,AO,-5.55,12.2,75.2,69,20,9.17,few clouds
461,Visnes,NO,59.36,5.22,60.01,62,94,10.29,overcast clouds
462,Marawi,PH,8.0,124.29,78.01,85,92,5.01,light rain
463,Asyut,EG,27.18,31.18,98.6,27,0,11.41,clear sky
464,Matara,LK,5.95,80.54,80.94,81,97,9.66,light rain
465,Ondjiva,AO,-17.07,15.73,89.6,13,5,4.7,clear sky
466,Peleduy,RU,59.63,112.74,50.41,83,19,1.54,few clouds
467,Alta,NO,69.97,23.27,53.6,46,29,1.12,scattered clouds
468,Webb City,US,37.15,-94.46,81.0,78,75,13.87,broken clouds
469,Ilhabela,BR,-23.78,-45.36,75.16,76,36,3.65,scattered clouds
470,Sitka,US,57.05,-135.33,57.2,87,90,14.99,light rain
471,Ati,TD,13.22,18.34,86.76,55,82,8.25,broken clouds
472,Pisco,PE,-13.7,-76.22,63.0,77,20,6.93,few clouds
473,Kavaratti,IN,10.57,72.64,82.29,80,76,12.39,broken clouds
474,Esperance,AU,-33.87,121.9,60.8,44,0,13.87,clear sky
475,Vinukonda,IN,16.05,79.75,85.23,67,95,7.09,overcast clouds
476,Solnechnyy,RU,50.72,136.63,51.19,94,100,6.8,moderate rain
477,Kenora,CA,49.82,-94.43,51.8,93,75,5.82,broken clouds
478,Mountain Home,US,43.13,-115.69,60.8,25,75,6.93,broken clouds
479,Vagur,FO,61.47,-6.81,52.93,83,100,23.73,overcast clouds
480,Seoul,KR,37.57,126.98,80.6,78,90,3.36,overcast clouds
481,Ketchikan,US,55.34,-131.65,55.4,100,90,12.75,heavy intensity rain
482,Lambarene,GA,-0.7,10.24,81.72,65,97,5.19,overcast clouds
483,Omboue,GA,-1.57,9.26,76.32,76,86,10.96,overcast clouds
484,Orotukan,RU,62.27,151.7,47.43,63,100,8.84,overcast clouds
485,Visakhapatnam,IN,17.69,83.21,84.2,94,75,2.24,mist
486,Sarangani,PH,5.4,125.46,83.5,75,31,9.13,scattered clouds
487,Teguldet,RU,57.31,88.17,56.7,92,0,6.62,clear sky
488,Lensk,RU,60.73,114.93,49.93,86,21,4.18,few clouds
489,Synya,RU,65.37,58.04,52.54,95,100,7.34,light rain
490,General Roca,AR,-39.03,-67.58,50.0,61,0,6.93,clear sky
491,Norton Shores,US,43.17,-86.26,73.4,53,75,13.87,broken clouds
492,Natal,BR,-5.79,-35.21,86.0,48,40,25.28,scattered clouds
493,Mugumu,TZ,-1.85,34.7,75.16,43,85,7.4,overcast clouds
494,Sioux Lookout,CA,50.1,-91.92,53.6,93,90,5.82,mist
495,Columbus,US,39.96,-83.0,75.0,73,40,5.82,scattered clouds
496,Reyes,BO,-14.32,-67.38,91.24,37,55,4.38,broken clouds
497,Tommot,RU,58.96,126.29,51.19,89,98,0.74,overcast clouds
498,Port Moresby,PG,-9.44,147.18,75.72,88,63,12.93,broken clouds
499,Broome,US,42.25,-75.83,68.0,67,75,5.82,broken clouds
500,Carrickfergus,GB,54.72,-5.81,60.8,67,32,14.99,scattered clouds
501,Launceston,AU,-41.45,147.17,35.01,86,0,1.01,clear sky
502,Zhigalovo,RU,54.81,105.16,50.45,91,65,4.23,broken clouds
503,Ha Tinh,VN,18.33,105.9,79.21,85,1,2.91,clear sky
504,Kargasok,RU,59.06,80.86,60.48,96,93,5.3,moderate rain
505,Nome,US,64.5,-165.41,54.0,62,40,19.46,scattered clouds
506,Jiazi,CN,22.88,116.07,82.29,82,26,2.35,scattered clouds
507,Kantang,TH,7.41,99.52,79.93,80,73,1.36,broken clouds
508,Bonavista,CA,48.65,-53.11,64.0,73,78,25.99,broken clouds
509,Zomin,UZ,39.96,68.4,79.75,19,88,2.13,overcast clouds
510,Ayan,RU,56.45,138.17,51.94,77,100,7.65,overcast clouds
511,Nuuk,GL,64.18,-51.72,55.4,50,20,8.05,few clouds
512,Lake Havasu City,US,34.48,-114.32,87.8,45,1,10.29,clear sky
513,Viedma,AR,-40.81,-63.0,48.0,71,1,1.01,clear sky
514,Grojec,PL,51.86,20.87,60.01,10,98,14.54,overcast clouds
515,Ocos,GT,14.51,-92.19,84.2,79,5,2.24,clear sky
516,Teknaf,BD,20.86,92.31,81.37,87,100,2.84,overcast clouds
517,Chumikan,RU,54.72,135.31,52.83,80,100,8.43,overcast clouds
518,Skeldon,GY,5.88,-57.13,82.33,84,100,2.55,overcast clouds
519,Storslett,NO,69.77,21.02,53.6,50,40,13.87,scattered clouds
520,Uniontown,US,39.9,-79.72,73.99,47,100,6.67,overcast clouds
521,Atar,MR,20.52,-13.05,104.04,11,7,3.02,clear sky
522,Ramhormoz,IR,31.28,49.6,107.6,14,0,11.41,clear sky
523,Khash,IR,28.22,61.22,73.11,21,0,15.21,clear sky
524,San Blas,MX,21.52,-105.27,69.8,94,75,6.08,broken clouds
525,Novyy Urengoy,RU,66.08,76.63,49.48,79,99,15.3,overcast clouds
526,Yabelo,ET,4.88,38.08,71.78,50,97,7.2,overcast clouds
527,Dharchula,IN,29.85,80.53,69.64,77,58,0.49,broken clouds
528,Broceni,LV,56.7,22.53,58.23,89,98,9.33,overcast clouds
529,Kununurra,AU,-15.77,128.73,78.8,34,41,4.7,scattered clouds
530,Falam,MM,22.92,93.68,63.3,100,100,1.97,light rain
531,Sciacca,IT,37.51,13.09,81.0,72,16,18.01,few clouds
532,Gibraleon,ES,37.38,-6.97,88.61,20,39,10.27,scattered clouds
533,Bundaberg,AU,-24.85,152.35,57.0,87,0,4.07,clear sky
534,Milkovo,RU,54.72,158.62,38.7,84,7,2.89,clear sky
535,Provideniya,RU,64.38,-173.3,42.66,70,26,12.75,scattered clouds
536,Cuamba,MZ,-14.8,36.54,82.53,23,3,3.0,clear sky
537,Hambantota,LK,6.12,81.12,77.0,100,40,3.36,scattered clouds
538,West Wendover,US,40.74,-114.07,62.6,18,1,2.93,clear sky
539,Grand Forks,US,47.93,-97.03,61.0,62,20,10.29,few clouds
540,Baruun-Urt,MN,46.68,113.28,51.01,87,47,15.75,scattered clouds
541,Salitral,PE,-4.86,-80.68,77.27,48,53,7.0,broken clouds
542,Ikot Ekpene,NG,5.18,7.71,78.12,85,100,8.79,moderate rain
543,Vryburg,ZA,-26.96,24.73,52.68,32,0,4.76,clear sky
544,Rundu,NA,-17.93,19.77,82.35,15,0,1.1,clear sky
545,Dire,ML,12.28,-10.97,85.23,73,70,4.72,light rain
546,Kalmunai,LK,7.42,81.82,83.07,77,80,6.06,broken clouds
547,Vila,PT,42.03,-8.16,79.0,32,81,8.01,broken clouds
548,Abu Samrah,SY,35.3,37.18,95.13,12,0,12.91,clear sky
549,Robertsport,LR,6.75,-11.37,77.11,84,100,16.33,light rain
550,Antalaha,MG,-14.9,50.28,70.32,84,1,8.99,clear sky
551,Nha Trang,VN,12.25,109.18,84.2,79,20,3.36,few clouds
552,Naklo Nad Notecia,PL,53.14,17.6,64.99,72,75,10.29,broken clouds
553,Margate,GB,51.38,1.39,64.99,58,94,1.99,overcast clouds
554,Ossora,RU,59.24,163.07,43.57,72,0,8.5,clear sky
555,Vincennes,FR,48.85,2.43,69.01,45,2,5.82,clear sky
556,Kudahuvadhoo,MV,2.67,72.89,84.15,67,71,6.67,broken clouds
557,Andros Town,BS,24.7,-77.77,89.6,62,40,3.36,scattered clouds
558,Kattivakkam,IN,13.22,80.32,86.0,74,40,4.7,scattered clouds
559,Dauriya,RU,49.93,116.87,54.32,93,96,3.85,overcast clouds
560,Tucurui,BR,-3.77,-49.67,96.71,33,0,6.6,clear sky
561,Quelimane,MZ,-17.88,36.89,74.01,84,1,7.09,clear sky
562,Latung,PH,5.5,120.88,83.55,75,0,7.16,clear sky
563,Bentonville,US,36.37,-94.21,75.2,78,75,12.75,broken clouds
564,Iwaki,JP,37.05,140.88,73.99,96,81,8.39,broken clouds
565,Havre-Saint-Pierre,CA,50.23,-63.6,53.6,76,90,8.05,overcast clouds
566,Varna,BG,43.22,27.92,84.0,65,0,12.75,clear sky
567,Tilichiki,RU,60.47,166.1,43.79,84,100,9.48,overcast clouds
568,Codrington,AU,-38.27,141.97,39.0,84,61,7.7,broken clouds
569,Shiyan,CN,32.65,110.78,71.85,70,29,3.58,light rain
570,Olecko,PL,54.03,22.51,54.28,91,100,11.32,overcast clouds
571,Port Blair,IN,11.67,92.75,81.73,79,87,5.46,overcast clouds
572,Koungou,YT,-12.73,45.2,78.8,74,50,6.93,scattered clouds
573,Dawlatabad,AF,36.41,64.91,76.3,22,0,8.37,clear sky
574,Samarai,PG,-10.62,150.67,77.63,88,94,17.76,overcast clouds
575,Thinadhoo,MV,0.53,72.93,83.17,71,93,8.9,overcast clouds
576,Luebo,CD,-5.35,21.42,85.57,53,99,1.63,overcast clouds
577,Zlocieniec,PL,53.53,16.01,63.0,66,23,1.01,few clouds
578,Trairi,BR,-3.28,-39.27,88.75,44,0,17.43,clear sky
579,Ahipara,NZ,-35.17,173.17,55.17,82,83,5.93,broken clouds
580,Kuah,MY,6.33,99.84,82.4,94,20,3.36,heavy intensity rain
581,Millau,FR,44.08,2.92,77.0,49,75,13.87,broken clouds
582,Toguchin,RU,55.24,84.39,59.18,84,0,5.84,clear sky
583,Hemsedal,NO,60.86,8.55,61.0,41,1,5.19,clear sky
584,Omsukchan,RU,62.53,155.8,41.41,66,100,5.06,overcast clouds
585,Shar,KZ,49.59,81.05,66.74,45,0,7.36,clear sky
586,Avera,US,33.19,-82.53,81.0,88,90,5.82,overcast clouds
587,Terrace,CA,54.52,-128.6,51.8,100,90,11.41,light rain
588,Paamiut,GL,61.99,-49.67,43.36,88,1,7.4,clear sky
589,Bud,US,39.45,-86.18,72.0,77,90,4.63,overcast clouds
590,Jacareacanga,BR,-6.22,-57.75,89.6,59,11,4.7,few clouds
591,Mirabad,AF,30.44,61.84,83.8,19,0,20.45,clear sky
592,Terre Haute,US,39.47,-87.41,75.99,73,90,3.36,overcast clouds
593,Libreville,GA,0.39,9.45,80.6,78,75,11.41,broken clouds
594,Verkhnevilyuysk,RU,63.45,120.32,50.09,76,12,4.09,few clouds
595,Menongue,AO,-14.66,17.69,80.92,27,94,3.49,overcast clouds
596,Santa Barbara,US,34.42,-119.7,62.6,82,90,3.36,mist
597,Sibut,CF,5.72,19.07,78.82,89,74,1.39,light rain
598,Weston,US,26.1,-80.4,91.99,62,1,4.7,clear sky
599,Duminichi,RU,53.93,35.11,71.17,68,95,8.23,overcast clouds
600,Tena,EC,-0.98,-77.82,80.6,69,75,3.36,broken clouds
601,Manggar,ID,-2.88,108.27,81.21,80,85,12.21,overcast clouds
602,Shestakovo,RU,56.49,103.96,49.71,93,49,2.55,scattered clouds
603,Tevaitoa,PF,-16.78,-151.5,77.95,74,8,23.82,clear sky
604,Tayga,RU,56.06,85.62,66.0,77,5,4.47,clear sky
605,Korla,CN,41.76,86.15,78.89,25,0,8.75,clear sky
606,Ulaangom,MN,49.98,92.07,57.38,52,0,4.16,clear sky
607,Camacha,PT,33.08,-16.33,75.2,60,40,18.34,scattered clouds
608,Gisborne,NZ,-38.65,178.0,46.99,79,75,5.01,broken clouds
609,Santa Lucia,ES,27.91,-15.54,80.6,51,20,31.09,few clouds
610,Banepa,NP,27.63,85.52,75.2,88,75,5.82,thunderstorm
611,Boyuibe,BO,-20.42,-63.28,65.03,49,100,6.53,overcast clouds
612,Batemans Bay,AU,-35.72,150.18,44.01,80,9,4.54,clear sky
613,Sri Aman,MY,1.24,111.46,75.2,100,100,1.12,overcast clouds
614,Hasaki,JP,35.73,140.83,73.4,94,75,12.75,broken clouds
615,Le Port,RE,-20.94,55.29,71.01,64,0,13.87,clear sky
616,Vestmanna,FO,62.16,-7.17,53.6,81,87,17.22,overcast clouds
617,Susner,IN,23.95,76.08,76.05,90,1,8.43,clear sky
618,Hjelset,NO,62.78,7.48,59.0,47,44,5.82,scattered clouds
619,Bibiani,GH,6.46,-2.32,80.69,69,96,5.23,light rain
620,Alyangula,AU,-13.85,136.42,71.6,88,0,7.81,clear sky
621,Mizdah,LY,31.45,12.98,104.09,8,0,4.63,clear sky
622,Pedernales,DO,18.04,-71.74,84.2,79,40,6.93,scattered clouds
623,Fuerte Olimpo,PY,-21.04,-57.87,84.58,45,3,6.31,clear sky
624,Angoche,MZ,-16.23,39.91,74.89,78,1,8.77,clear sky
625,Ojinaga,MX,29.57,-104.42,91.4,27,1,8.05,clear sky
626,Grindavik,IS,63.84,-22.43,51.8,100,75,18.34,broken clouds
627,Magna,US,40.71,-112.1,64.99,27,75,4.7,broken clouds
628,Calama,CL,-22.47,-68.93,57.2,17,75,10.6,broken clouds
629,Adrar,MR,20.5,-10.07,101.84,8,19,11.48,few clouds
630,Moose Factory,CA,51.26,-80.61,60.8,59,1,8.05,clear sky
631,Nioro,GM,13.35,-15.75,87.06,70,50,6.08,moderate rain
632,Santiago,CL,-33.46,-70.65,57.0,47,2,4.7,clear sky
633,Rio Verde De Mato Grosso,BR,-18.92,-54.84,102.24,11,0,6.51,clear sky
634,Bulancak,TR,40.94,38.23,77.0,88,75,6.93,broken clouds
635,Dogondoutchi,NE,13.64,4.03,91.45,40,31,5.66,scattered clouds
636,Inirida,CO,3.87,-67.92,88.23,56,69,4.5,broken clouds
637,Panzhihua,CN,26.59,101.71,66.99,83,91,1.99,overcast clouds
638,Stepnogorsk,KZ,52.35,71.89,73.98,38,54,4.14,broken clouds
639,Itoman,JP,26.12,127.67,80.6,94,75,47.2,heavy intensity shower rain
640,Veinticinco De Mayo,AR,-35.43,-60.17,55.0,46,100,4.0,overcast clouds
641,Aquiraz,BR,-3.9,-38.39,87.8,52,20,16.11,few clouds
642,Cairns,AU,-16.92,145.77,69.8,73,22,8.05,few clouds
643,Rawson,AR,-43.3,-65.1,46.31,53,0,4.43,clear sky
644,Najran,SA,17.49,44.13,95.0,17,40,6.93,scattered clouds
645,Balakhta,RU,55.38,91.6,52.92,90,2,2.8,clear sky
646,Wanning,CN,18.8,110.4,79.63,84,0,3.94,clear sky
647,Miragoane,HT,18.44,-73.09,83.95,70,58,2.26,broken clouds
648,Tlacotepec,MX,20.07,-97.87,80.53,50,95,2.68,overcast clouds
649,Hays,US,30.05,-98.03,87.01,73,27,1.99,scattered clouds
650,Lipnita,RO,44.1,27.6,98.01,31,5,9.17,clear sky
651,Constitucion,CL,-35.33,-72.42,52.81,66,0,7.36,clear sky
652,Cap-Aux-Meules,CA,47.38,-61.86,57.2,67,75,23.04,broken clouds
653,Turtas,RU,58.94,69.13,57.67,91,69,9.15,broken clouds
654,Coahuayana,MX,18.73,-103.68,73.4,78,40,0.74,fog
655,Kungurtug,RU,50.6,97.52,43.95,80,10,1.86,clear sky
656,Kautokeino,NO,69.01,23.04,49.37,50,65,9.69,broken clouds
657,Primo Tapia,MX,32.22,-116.92,71.6,88,90,6.17,overcast clouds
658,Sarh,TD,9.14,18.39,75.2,88,75,3.36,broken clouds
659,Skibbereen,IE,51.55,-9.27,59.0,82,75,12.75,moderate rain
660,Yarkovo,RU,57.4,67.08,58.64,82,91,7.96,overcast clouds
661,Pauini,BR,-7.71,-66.98,103.95,31,30,1.28,scattered clouds
662,Dzhebariki-Khaya,RU,62.22,135.8,46.22,95,11,2.1,few clouds
663,Venado Tuerto,AR,-33.75,-61.97,57.0,47,100,4.0,overcast clouds
664,Hay River,CA,60.82,-115.8,46.4,87,40,8.05,scattered clouds
665,Beian,NO,63.66,9.57,55.4,50,75,4.7,broken clouds
666,Ternate,ID,0.8,127.4,80.33,78,84,4.59,moderate rain
667,Barguzin,RU,53.62,109.62,50.81,82,100,1.72,overcast clouds
668,Yilan,TW,24.76,121.75,84.0,99,100,7.7,overcast clouds
669,Mayo,US,38.89,-76.51,75.99,73,75,10.29,broken clouds
670,Maldonado,UY,-34.67,-54.92,53.01,76,90,10.29,overcast clouds
671,Chimoio,MZ,-19.12,33.48,68.0,88,90,16.11,overcast clouds
672,Mayumba,GA,-3.43,10.66,73.99,86,95,9.93,light rain
673,Oudtshoorn,ZA,-33.59,22.2,57.2,58,69,5.82,broken clouds
674,Aban,RU,56.67,96.06,54.23,90,91,4.81,overcast clouds
675,Gurupa,BR,-1.41,-51.64,95.0,41,2,5.14,clear sky
676,Kommunar,RU,59.62,30.39,62.6,72,20,4.47,light rain
677,Ambilobe,MG,-13.2,49.05,73.15,68,38,2.55,scattered clouds
678,Upington,ZA,-28.45,21.26,64.4,12,0,5.82,clear sky
679,Ambon,ID,-3.7,128.18,78.01,15,96,9.28,overcast clouds
680,Chaman,PK,30.92,66.45,74.86,19,59,5.57,broken clouds
681,Zemio,CF,5.03,25.14,77.77,81,99,1.5,light rain
682,Xuddur,SO,4.12,43.89,83.17,48,71,17.09,broken clouds
683,Corner Brook,CA,48.97,-57.95,53.6,93,90,10.29,mist
684,Along,IN,28.17,94.77,74.32,89,90,1.19,overcast clouds
685,Oktyabrskiy,RU,54.48,53.47,65.57,76,0,7.29,clear sky
686,Francisco Sa,BR,-16.48,-43.49,86.0,33,20,12.75,few clouds
687,Phan Thiet,VN,10.93,108.1,80.04,84,99,7.49,overcast clouds
688,Komsomolskiy,UZ,40.43,71.72,77.0,53,2,2.24,clear sky
689,Felipe Carrillo Puerto,MX,19.58,-88.05,90.99,54,15,5.21,few clouds
690,Maneadero,MX,31.72,-116.57,68.0,83,10,4.61,clear sky
691,Peniche,PT,39.36,-9.38,80.01,39,47,7.0,scattered clouds
692,Brits,ZA,-25.63,27.78,64.4,42,40,12.75,scattered clouds
693,San-Pedro,CI,4.75,-6.64,76.35,78,100,8.57,overcast clouds
694,Vao,NC,-22.67,167.48,68.09,68,42,11.7,scattered clouds
695,Bonoua,CI,5.27,-3.6,80.6,78,20,12.75,few clouds
696,Kitaibaraki,JP,36.78,140.75,73.99,79,62,9.57,broken clouds
697,Vitim,RU,59.45,112.56,50.58,83,9,1.52,clear sky
698,Zhanakorgan,KZ,43.91,67.25,81.5,28,88,14.88,overcast clouds
699,Chama,CH,47.18,8.46,68.0,59,75,1.12,broken clouds
700,Boralday,KZ,43.36,76.86,75.2,44,75,6.71,broken clouds
701,Barao De Melgaco,BR,-16.19,-55.97,98.6,17,0,13.87,smoke
